location	station	Affiliations	website	city	state	broadcaster	source	collection_date
Abilene-Sweetwater	KTXS	ABC, CW	https://ktxs.com/Newsletter	Abilene-Sweetwater		Sinclair	sbgi.net	2023-05-17 12:50:01.701573
Albany - Schenectady - Troy, NY	WRGB	CBS	https://www.cbs6albany.comNewsletter	Albany - Schenectady - Troy	NY	Sinclair	sbgi.net	2023-05-17 12:50:01.701573
Albany - Schenectady - Troy, NY	WCWN	CW	https://www.cwalbany.com	Albany - Schenectady - Troy	NY	Sinclair	sbgi.net	2023-05-17 12:50:01.701573
Albany, GA	WFXL	FOX	https://www.wfxl.comNewsletter	Albany	GA	Sinclair	sbgi.net	2023-05-17 12:50:01.701573
Amarillo, TX	KVII	ABC, CW	https://abc7amarillo.com/Newsletter	Amarillo	TX	Sinclair	sbgi.net	2023-05-17 12:50:01.701573
Amarillo, TX	KVIH	ABC, CW	https://abc7amarillo.com/Newsletter	Amarillo	TX	Sinclair	sbgi.net	2023-05-17 12:50:01.701573
Austin, TX	KEYE	CBS	https://www.cbsaustin.comNewsletter	Austin	TX	Sinclair	sbgi.net	2023-05-17 12:50:01.701573
Bakersfield, CA	KBAK	CBS	https://bakersfieldnow.com/Newsletter	Bakersfield	CA	Sinclair	sbgi.net	2023-05-17 12:50:01.701573
Bakersfield, CA	KBFX	FOX	https://bakersfieldnow.com/Newsletter	Bakersfield	CA	Sinclair	sbgi.net	2023-05-17 12:50:01.701573
Baltimore, MD	WBFF	FOX, MyTV	https://www.foxbaltimore.comhttps://www.mytvbaltimore.comNewsletter	Baltimore	MD	Sinclair	sbgi.net	2023-05-17 12:50:01.701573
Baltimore, MD	WNUV	CW	https://www.cwbaltimore.com	Baltimore	MD	Sinclair	sbgi.net	2023-05-17 12:50:01.701573
Baltimore, MD	WUTB			Baltimore	MD	Sinclair	sbgi.net	2023-05-17 12:50:01.701573
Beaumont - Port Arthur, TX	KBTV			Beaumont - Port Arthur	TX	Sinclair	sbgi.net	2023-05-17 12:50:01.701573
Beaumont - Port Arthur, TX	KFDM	CBS, CW, FOX	https://kfdm.com/https://fox4beaumont.com/Newsletter	Beaumont - Port Arthur	TX	Sinclair	sbgi.net	2023-05-17 12:50:01.701573
Birmingham, AL	WABM	MyTV, ABC	https://www.wabm68.com	Birmingham	AL	Sinclair	sbgi.net	2023-05-17 12:50:01.701573
Birmingham, AL	WTTO	CW	https://www.wtto21.com	Birmingham	AL	Sinclair	sbgi.net	2023-05-17 12:50:01.701573
Birmingham, AL	WBMA	ABC	https://www.abc3340.comNewsletter	Birmingham	AL	Sinclair	sbgi.net	2023-05-17 12:50:01.701573
Birmingham, AL	WDBB	CW, ABC		Birmingham	AL	Sinclair	sbgi.net	2023-05-17 12:50:01.701573
Boise, ID	KBOI	CBS, CW	https://idahonews.com/Newsletter	Boise	ID	Sinclair	sbgi.net	2023-05-17 12:50:01.701573
Boise, ID	KYUU	CW	https://www.cwtreasurevalley.com	Boise	ID	Sinclair	sbgi.net	2023-05-17 12:50:01.701573
Buffalo, NY	WNYO	MyTV	https://www.mytvbuffalo.com	Buffalo	NY	Sinclair	sbgi.net	2023-05-17 12:50:01.701573
Buffalo, NY	WUTV	FOX	https://www.wutv29.com	Buffalo	NY	Sinclair	sbgi.net	2023-05-17 12:50:01.701573
Butte-Bozeman	KDBZ-CD	NBC		Butte-Bozeman		Sinclair	sbgi.net	2023-05-17 12:50:01.701573
Butte-Bozeman	KTVM	NBC		Butte-Bozeman		Sinclair	sbgi.net	2023-05-17 12:50:01.701573
Cedar Rapids - Waterloo - Dubuque, IA	KFXA			Cedar Rapids - Waterloo - Dubuque	IA	Sinclair	sbgi.net	2023-05-17 12:50:01.701573
Cedar Rapids - Waterloo - Dubuque, IA	KGAN	CBS	https://www.cbs2iowa.comNewsletter	Cedar Rapids - Waterloo - Dubuque	IA	Sinclair	sbgi.net	2023-05-17 12:50:01.701573
Champaign - Springfield - Decatur, IL	WBUI	CW	https://www.cw23tv.com	Champaign - Springfield - Decatur	IL	Sinclair	sbgi.net	2023-05-17 12:50:01.701573
Champaign - Springfield - Decatur, IL	WCCU	FOX	https://www.foxillinois.comNewsletter	Champaign - Springfield - Decatur	IL	Sinclair	sbgi.net	2023-05-17 12:50:01.701573
Champaign - Springfield - Decatur, IL	WICD	ABC	https://newschannel20.comNewsletter	Champaign - Springfield - Decatur	IL	Sinclair	sbgi.net	2023-05-17 12:50:01.701573
Champaign - Springfield - Decatur, IL	WICS	ABC	https://newschannel20.comNewsletter	Champaign - Springfield - Decatur	IL	Sinclair	sbgi.net	2023-05-17 12:50:01.701573
Champaign - Springfield - Decatur, IL	WRSP	FOX	https://www.foxillinois.comNewsletter	Champaign - Springfield - Decatur	IL	Sinclair	sbgi.net	2023-05-17 12:50:01.701573
Charleston - Huntington, WV	WCHS	ABC, FOX	https://www.wchstv.comNewsletter	Charleston - Huntington	WV	Sinclair	sbgi.net	2023-05-17 12:50:01.701573
Charleston - Huntington, WV	WVAH		https://www.wvah.com	Charleston - Huntington	WV	Sinclair	sbgi.net	2023-05-17 12:50:01.701573
Charleston, SC	WCIV	MyTV, ABC	https://mytvcharleston.com/https://www.abcnews4.com	Charleston	SC	Sinclair	sbgi.net	2023-05-17 12:50:01.701573
Chattanooga, TN	WFLI	CW, MyTV	https://chattanoogacw.com	Chattanooga	TN	Sinclair	sbgi.net	2023-05-17 12:50:01.701573
Chattanooga, TN	WTVC	ABC, FOX	https://newschannel9.com/https://www.foxchattanooga.comNewsletter	Chattanooga	TN	Sinclair	sbgi.net	2023-05-17 12:50:01.701573
Chico-Redding	KCVU	FOX		Chico-Redding		Sinclair	sbgi.net	2023-05-17 12:50:01.701573
Chico-Redding	KRVU-LD	MyTV, Univision		Chico-Redding		Sinclair	sbgi.net	2023-05-17 12:50:01.701573
Chico-Redding	KUCO-LP	Univision		Chico-Redding		Sinclair	sbgi.net	2023-05-17 12:50:01.701573
Chico-Redding	KKTF-LD			Chico-Redding		Sinclair	sbgi.net	2023-05-17 12:50:01.701573
Cincinnati, OH	WKRC	CBS, CW	https://www.local12.comhttps://cwcincinnati.com/Newsletter	Cincinnati	OH	Sinclair	sbgi.net	2023-05-17 12:50:01.701573
Cincinnati, OH	WSTR	MyTV	https://www.star64.tv	Cincinnati	OH	Sinclair	sbgi.net	2023-05-17 12:50:01.701573
Columbia - Jefferson City, MO	KRCG	CBS	https://krcgtv.com/Newsletter	Columbia - Jefferson City	MO	Sinclair	sbgi.net	2023-05-17 12:50:01.701573
Columbia, SC	WACH	FOX	https://www.wach.comNewsletter	Columbia	SC	Sinclair	sbgi.net	2023-05-17 12:50:01.701573
Columbus, OH	WSYX	ABC, MyTV, FOX	https://www.abc6onyourside.comhttps://www.myfox28columbus.comNewsletter	Columbus	OH	Sinclair	sbgi.net	2023-05-17 12:50:01.701573
Columbus, OH	WTTE			Columbus	OH	Sinclair	sbgi.net	2023-05-17 12:50:01.701573
Columbus, OH	WWHO	CW	https://www.cwcolumbus.com	Columbus	OH	Sinclair	sbgi.net	2023-05-17 12:50:01.701573
Corpus Christi, TX	KSCC	FOX, MyTV	https://fox38corpuschristi.com/	Corpus Christi	TX	Sinclair	sbgi.net	2023-05-17 12:50:01.701573
Dayton, OH	WKEF	ABC, FOX, MyTV	https://dayton247now.com/	Dayton	OH	Sinclair	sbgi.net	2023-05-17 12:50:01.701573
Dayton, OH	WRGT			Dayton	OH	Sinclair	sbgi.net	2023-05-17 12:50:01.701573
Des Moines - Ames, IA	KDSM	FOX	https://kdsm17.com/	Des Moines - Ames	IA	Sinclair	sbgi.net	2023-05-17 12:50:01.701573
El Paso, TX	KDBC	CBS, MyTV	https://www.cbs4local.com/Newsletter	El Paso	TX	Sinclair	sbgi.net	2023-05-17 12:50:01.701573
El Paso, TX	KFOX	FOX	https://www.kfoxtv.comNewsletter	El Paso	TX	Sinclair	sbgi.net	2023-05-17 12:50:01.701573
Eugene, OR	KCBY	CBS	https://www.kcby.com	Eugene	OR	Sinclair	sbgi.net	2023-05-17 12:50:01.701573
Eugene, OR	KMCB	NBC, CW	https://nbc16.comNewsletter	Eugene	OR	Sinclair	sbgi.net	2023-05-17 12:50:01.701573
Eugene, OR	KMTR	NBC, CW	https://nbc16.com/Newsletter	Eugene	OR	Sinclair	sbgi.net	2023-05-17 12:50:01.701573
Eugene, OR	KPIC	CBS	https://www.kpic.com	Eugene	OR	Sinclair	sbgi.net	2023-05-17 12:50:01.701573
Eugene, OR	KTCW	NBC, CW	https://nbc16.com/	Eugene	OR	Sinclair	sbgi.net	2023-05-17 12:50:01.701573
Eugene, OR	KVAL	CBS	https://www.kval.comNewsletter	Eugene	OR	Sinclair	sbgi.net	2023-05-17 12:50:01.701573
Eureka	KAEF	ABC		Eureka		Sinclair	sbgi.net	2023-05-17 12:50:01.701573
Eureka	KBVU	FOX		Eureka		Sinclair	sbgi.net	2023-05-17 12:50:01.701573
Eureka	KECA-LD	CW, MyTV		Eureka		Sinclair	sbgi.net	2023-05-17 12:50:01.701573
Eureka	KEUV-LP	Univision		Eureka		Sinclair	sbgi.net	2023-05-17 12:50:01.701573
Flint - Saginaw - Bay City, MI	WEYI	NBC	https://midmichigannow.com/Newsletter	Flint - Saginaw - Bay City	MI	Sinclair	sbgi.net	2023-05-17 12:50:01.701573
Flint - Saginaw - Bay City, MI	WBSF	CW, NBC	https://www.thecw46.com	Flint - Saginaw - Bay City	MI	Sinclair	sbgi.net	2023-05-17 12:50:01.701573
Flint - Saginaw - Bay City, MI	WSMH	FOX	https://midmichigannow.com/Newsletter	Flint - Saginaw - Bay City	MI	Sinclair	sbgi.net	2023-05-17 12:50:01.701573
Florence - Myrtle Beach, SC	WPDE	ABC, CW	https://wpde.com/Newsletter	Florence - Myrtle Beach	SC	Sinclair	sbgi.net	2023-05-17 12:50:01.701573
Florence - Myrtle Beach, SC	WWMB		https://wpde.com/	Florence - Myrtle Beach	SC	Sinclair	sbgi.net	2023-05-17 12:50:01.701573
Fresno - Visalia, CA	KFRE	CW, FOX	https://www.kmph.com/Newsletter	Fresno - Visalia	CA	Sinclair	sbgi.net	2023-05-17 12:50:01.701573
Fresno - Visalia, CA	KMPH	FOX	https://www.kmph.com/Newsletter	Fresno - Visalia	CA	Sinclair	sbgi.net	2023-05-17 12:50:01.701573
Fresno - Visalia, CA	KMPH-CD	FOX	https://www.kmph.comNewsletter	Fresno - Visalia	CA	Sinclair	sbgi.net	2023-05-17 12:50:01.701573
Gainesville, FL	WGFL	CBS, MyTV	https://mycbs4.com/Newsletter	Gainesville	FL	Sinclair	sbgi.net	2023-05-17 12:50:01.701573
Gainesville, FL	WNBW	NBC	https://mycbs4.com/Newsletter	Gainesville	FL	Sinclair	sbgi.net	2023-05-17 12:50:01.701573
Gainesville, FL	WYME-CD			Gainesville	FL	Sinclair	sbgi.net	2023-05-17 12:50:01.701573
Grand Rapids - Kalamazoo - Battle Creek, MI	WWMT	CBS, CW	https://www.wwmt.comhttps://cw7michigan.comNewsletter	Grand Rapids - Kalamazoo - Battle Creek	MI	Sinclair	sbgi.net	2023-05-17 12:50:01.701573
Green Bay - Appleton, WI	WCWF	CW	https://cw14online.com	Green Bay - Appleton	WI	Sinclair	sbgi.net	2023-05-17 12:50:01.701573
Green Bay - Appleton, WI	WLUK	FOX	https://fox11online.comNewsletter	Green Bay - Appleton	WI	Sinclair	sbgi.net	2023-05-17 12:50:01.701573
Greensboro - High Point - Winston Salem, NC	WMYV	MyTV	https://www.my48.tv	Greensboro - High Point - Winston Salem	NC	Sinclair	sbgi.net	2023-05-17 12:50:01.701573
Greensboro - High Point - Winston Salem, NC	WXLV	ABC	https://www.abc45.com	Greensboro - High Point - Winston Salem	NC	Sinclair	sbgi.net	2023-05-17 12:50:01.701573
Greenville - Spartanburg, SC / Asheville, NC / Anderson, SC	WLOS	ABC, MyTV	https://www.wlos.comNewsletter	Greenville - Spartanburg	SC / Asheville, NC / Anderson, SC	Sinclair	sbgi.net	2023-05-17 12:50:01.701573
Greenville - Spartanburg, SC / Asheville, NC / Anderson, SC	WMYA			Greenville - Spartanburg	SC / Asheville, NC / Anderson, SC	Sinclair	sbgi.net	2023-05-17 12:50:01.701573
Greenville-N.Bern-Washngtn	WCTI	ABC	https://wcti12.com/Newsletter	Greenville-N.Bern-Washngtn		Sinclair	sbgi.net	2023-05-17 12:50:01.701573
Greenville-N.Bern-Washngtn	WYDO	FOX	https://wcti12.com/fox-eastern-carolina	Greenville-N.Bern-Washngtn		Sinclair	sbgi.net	2023-05-17 12:50:01.701573
Harrisburg - Lancaster - Lebanon - York, PA	WHP	CBS, MyTV, CW	https://www.local21news.comhttps://www.cwcentralpa.comNewsletter	Harrisburg - Lancaster - Lebanon - York	PA	Sinclair	sbgi.net	2023-05-17 12:50:01.701573
Johnstown - Altoona, PA	WJAC	NBC, CW	https://www.wjactv.comNewsletter	Johnstown - Altoona	PA	Sinclair	sbgi.net	2023-05-17 12:50:01.701573
Las Vegas, NV	KSNV	NBC	https://news3lv.com/Newsletter	Las Vegas	NV	Sinclair	sbgi.net	2023-05-17 12:50:01.701573
Las Vegas, NV	KVCW	CW, MyTV	https://cwlasvegas.com/https://www.mylvtv.com/	Las Vegas	NV	Sinclair	sbgi.net	2023-05-17 12:50:01.701573
Lincoln - Hastings - Kearney, NE	KFXL	FOX	https://www.foxnebraska.com/Newsletter	Lincoln - Hastings - Kearney	NE	Sinclair	sbgi.net	2023-05-17 12:50:01.701573
Lincoln - Hastings - Kearney, NE	KHGI	ABC, FOX	https://www.nebraska.tv/Newsletter	Lincoln - Hastings - Kearney	NE	Sinclair	sbgi.net	2023-05-17 12:50:01.701573
Lincoln - Hastings - Kearney, NE	KHGI-CD	ABC		Lincoln - Hastings - Kearney	NE	Sinclair	sbgi.net	2023-05-17 12:50:01.701573
Lincoln - Hastings - Kearney, NE	KWNB	ABC, FOX		Lincoln - Hastings - Kearney	NE	Sinclair	sbgi.net	2023-05-17 12:50:01.701573
Lincoln - Hastings - Kearney, NE	KWNB-LD	ABC, FOX		Lincoln - Hastings - Kearney	NE	Sinclair	sbgi.net	2023-05-17 12:50:01.701573
Little Rock - Pine Bluff, AR	KATV	ABC	https://www.katv.comNewsletter	Little Rock - Pine Bluff	AR	Sinclair	sbgi.net	2023-05-17 12:50:01.701573
Macon, GA	WGXA	FOX, ABC	https://www.wgxa.tvNewsletter	Macon	GA	Sinclair	sbgi.net	2023-05-17 12:50:01.701573
Madison, WI	WMSN	FOX	https://www.fox47.com	Madison	WI	Sinclair	sbgi.net	2023-05-17 12:50:01.701573
Medford - Klamath Falls, OR	KTVL	CBS, CW	https://www.ktvl.comhttps://www.southernoregoncw.comNewsletter	Medford - Klamath Falls	OR	Sinclair	sbgi.net	2023-05-17 12:50:01.701573
Milwaukee, WI	WVTV	CW, MyTV	http://cw18milwaukee.com/https://my24milwaukee.com/	Milwaukee	WI	Sinclair	sbgi.net	2023-05-17 12:50:01.701573
Minneapolis, MN	WUCW	CW	https://thecwtc.com/	Minneapolis	MN	Sinclair	sbgi.net	2023-05-17 12:50:01.701573
Missoula	KCFW	NBC	https://nbcmontana.com/Newsletter	Missoula		Sinclair	sbgi.net	2023-05-17 12:50:01.701573
Missoula	KECI	NBC	https://nbcmontana.com/Newsletter	Missoula		Sinclair	sbgi.net	2023-05-17 12:50:01.701573
Mobile, AL / Pensacola, FL	WEAR	ABC	https://www.weartv.comNewsletter	Mobile	AL / Pensacola, FL	Sinclair	sbgi.net	2023-05-17 12:50:01.701573
Mobile, AL / Pensacola, FL	WFGX	MyTV	https://www.wfgxtv.com	Mobile	AL / Pensacola, FL	Sinclair	sbgi.net	2023-05-17 12:50:01.701573
Mobile, AL / Pensacola, FL	WJTC		https://www.utv44.com	Mobile	AL / Pensacola, FL	Sinclair	sbgi.net	2023-05-17 12:50:01.701573
Mobile, AL / Pensacola, FL	WPMI	NBC	https://mynbc15.com/Newsletter	Mobile	AL / Pensacola, FL	Sinclair	sbgi.net	2023-05-17 12:50:01.701573
Nashville, TN	WZTV	FOX	https://www.fox17.comNewsletter	Nashville	TN	Sinclair	sbgi.net	2023-05-17 12:50:01.701573
Nashville, TN	WNAB	CW	https://cwnashville.tv/	Nashville	TN	Sinclair	sbgi.net	2023-05-17 12:50:01.701573
Nashville, TN	WUXP	MyTV	https://www.mytv30web.com	Nashville	TN	Sinclair	sbgi.net	2023-05-17 12:50:01.701573
Norfolk - Portsmouth - Newport News, VA	WTVZ	MyTV	https://www.mytvz.com	Norfolk - Portsmouth - Newport News	VA	Sinclair	sbgi.net	2023-05-17 12:50:01.701573
Oklahoma City, OK	KOCB	CW	https://www.cwokc.com	Oklahoma City	OK	Sinclair	sbgi.net	2023-05-17 12:50:01.701573
Oklahoma City, OK	KOKH	FOX	https://www.okcfox.comNewsletter	Oklahoma City	OK	Sinclair	sbgi.net	2023-05-17 12:50:01.701573
Omaha, NE	KPTM	FOX, MyTV, CW	https://fox42kptm.comhttps://cwomaha.tv/Newsletter	Omaha	NE	Sinclair	sbgi.net	2023-05-17 12:50:01.701573
Omaha, NE	KXVO			Omaha	NE	Sinclair	sbgi.net	2023-05-17 12:50:01.701573
Ottumwa, IA / Kirksville, MO	KTVO	ABC, CBS	https://ktvo.com/Newsletter	Ottumwa	IA / Kirksville, MO	Sinclair	sbgi.net	2023-05-17 12:50:01.701573
Peoria - Bloomington, IL	WHOI			Peoria - Bloomington	IL	Sinclair	sbgi.net	2023-05-17 12:50:01.701573
Pittsburgh, PA	WPGH	FOX	https://www.wpgh53.com	Pittsburgh	PA	Sinclair	sbgi.net	2023-05-17 12:50:01.701573
Pittsburgh, PA	WPNT	MyTV	https://www.22thepoint.com	Pittsburgh	PA	Sinclair	sbgi.net	2023-05-17 12:50:01.701573
Portland - Auburn, ME	WGME	CBS	https://www.wgme.comNewsletter	Portland - Auburn	ME	Sinclair	sbgi.net	2023-05-17 12:50:01.701573
Portland - Auburn, ME	WPFO	FOX	https://fox23maine.com/Newsletter	Portland - Auburn	ME	Sinclair	sbgi.net	2023-05-17 12:50:01.701573
Portland, OR	KATU	ABC	https://www.katu.com/Newsletter	Portland	OR	Sinclair	sbgi.net	2023-05-17 12:50:01.701573
Portland, OR	KUNP	Univision	https://www.kunptv.com	Portland	OR	Sinclair	sbgi.net	2023-05-17 12:50:01.701573
Providence-New Bedford	WJAR	NBC	https://www.turnto10.comNewsletter	Providence-New Bedford		Sinclair	sbgi.net	2023-05-17 12:50:01.701573
Quincy, IL / Hannibal, MO / Keokuk, IA	KHQA	CBS, ABC	https://khqa.com/Newsletter	Quincy	IL / Hannibal, MO / Keokuk, IA	Sinclair	sbgi.net	2023-05-17 12:50:01.701573
Raleigh - Durham, NC	WLFL	CW	https://www.raleighcw.com	Raleigh - Durham	NC	Sinclair	sbgi.net	2023-05-17 12:50:01.701573
Raleigh - Durham, NC	WRDC	MyTV	https://www.myrdctv.com	Raleigh - Durham	NC	Sinclair	sbgi.net	2023-05-17 12:50:01.701573
Reno, NV	KNSN	MyTV	https://nevadasportsnet.com/	Reno	NV	Sinclair	sbgi.net	2023-05-17 12:50:01.701573
Reno, NV	KRXI	FOX	https://www.foxreno.comNewsletter	Reno	NV	Sinclair	sbgi.net	2023-05-17 12:50:01.701573
Reno, NV	KRNV	NBC	https://mynews4.com/Newsletter	Reno	NV	Sinclair	sbgi.net	2023-05-17 12:50:01.701573
Richmond - Petersburg, VA	WRLH	FOX, MyTV	https://www.foxrichmond.comhttps://www.mytvrichmond.com	Richmond - Petersburg	VA	Sinclair	sbgi.net	2023-05-17 12:50:01.701573
Roanoke - Lynchburg, VA	WSET	ABC	https://www.wset.comNewsletter	Roanoke - Lynchburg	VA	Sinclair	sbgi.net	2023-05-17 12:50:01.701573
Rochester, NY	WHAM	ABC, CW	https://www.13wham.comhttps://www.cwrochester.comNewsletter	Rochester	NY	Sinclair	sbgi.net	2023-05-17 12:50:01.701573
Rochester, NY	WUHF	FOX	https://www.foxrochester.com	Rochester	NY	Sinclair	sbgi.net	2023-05-17 12:50:01.701573
Salt Lake City, UT	KENV			Salt Lake City	UT	Sinclair	sbgi.net	2023-05-17 12:50:01.701573
Salt Lake City, UT	KJZZ		https://kjzz.com/	Salt Lake City	UT	Sinclair	sbgi.net	2023-05-17 12:50:01.701573
Salt Lake City, UT	KUTV	CBS, MyTV	https://kutv.comNewsletter	Salt Lake City	UT	Sinclair	sbgi.net	2023-05-17 12:50:01.701573
Salt Lake City, UT	KMYU	MyTV, CBS	https://www.kmyu.tv	Salt Lake City	UT	Sinclair	sbgi.net	2023-05-17 12:50:01.701573
San Angelo	KTXE-LD	ABC		San Angelo		Sinclair	sbgi.net	2023-05-17 12:50:01.701573
San Antonio, TX	KABB	FOX	https://www.foxsanantonio.com/Newsletter	San Antonio	TX	Sinclair	sbgi.net	2023-05-17 12:50:01.701573
San Antonio, TX	KMYS			San Antonio	TX	Sinclair	sbgi.net	2023-05-17 12:50:01.701573
San Antonio, TX	WOAI	NBC, CW	https://www.news4sanantonio.comhttps://cw35.com/Newsletter	San Antonio	TX	Sinclair	sbgi.net	2023-05-17 12:50:01.701573
Savannah	WTGS	FOX	https://www.fox28savannah.com	Savannah		Sinclair	sbgi.net	2023-05-17 12:50:01.701573
Seattle - Tacoma, WA	KOMO	ABC	https://www.komonews.comNewsletter	Seattle - Tacoma	WA	Sinclair	sbgi.net	2023-05-17 12:50:01.701573
Seattle - Tacoma, WA	KUNS	Univision	https://www.univisionseattle.com	Seattle - Tacoma	WA	Sinclair	sbgi.net	2023-05-17 12:50:01.701573
Sioux City, IA	KPTH	FOX, MyTV, CBS	https://www.siouxlandnews.comNewsletter	Sioux City	IA	Sinclair	sbgi.net	2023-05-17 12:50:01.701573
Sioux City, IA	KMEG		https://www.siouxlandnews.com/Newsletter	Sioux City	IA	Sinclair	sbgi.net	2023-05-17 12:50:01.701573
Sioux City, IA	KPTP-LD	FOX, MyTV, CBS	https://www.siouxlandnews.com	Sioux City	IA	Sinclair	sbgi.net	2023-05-17 12:50:01.701573
Sioux City, IA	KBVK-LD	FOX, MyTV, CBS	https://www.siouxlandnews.com	Sioux City	IA	Sinclair	sbgi.net	2023-05-17 12:50:01.701573
South Bend - Elkhart, IN	WSBT	CBS, FOX	https://www.wsbt.comNewsletter	South Bend - Elkhart	IN	Sinclair	sbgi.net	2023-05-17 12:50:01.701573
Spokane, WA	KLEW	CBS	https://www.klewtv.comNewsletter	Spokane	WA	Sinclair	sbgi.net	2023-05-17 12:50:01.701573
St. Louis, MO	KDNL	ABC	https://www.abcstlouis.comNewsletter	St. Louis	MO	Sinclair	sbgi.net	2023-05-17 12:50:01.701573
Syracuse, NY	WSTM	NBC, CW	https://www.cnycentral.comNewsletter	Syracuse	NY	Sinclair	sbgi.net	2023-05-17 12:50:01.701573
Syracuse, NY	WTVH	CBS	https://www.cnycentral.comNewsletter	Syracuse	NY	Sinclair	sbgi.net	2023-05-17 12:50:01.701573
Tallahassee, FL - Thomasville, GA	WTLF	CW		Tallahassee	FL - Thomasville, GA	Sinclair	sbgi.net	2023-05-17 12:50:01.701573
Tallahassee, FL - Thomasville, GA	WTWC	NBC, FOX	https://www.wtwc40.comhttps://fox49.tv/	Tallahassee	FL - Thomasville, GA	Sinclair	sbgi.net	2023-05-17 12:50:01.701573
Toledo, OH	WNWO	NBC	https://nbc24.com/Newsletter	Toledo	OH	Sinclair	sbgi.net	2023-05-17 12:50:01.701573
Traverse City - Cadillac, MI	WGTQ	ABC, NBC	https://www.upnorthlive.comNewsletter	Traverse City - Cadillac	MI	Sinclair	sbgi.net	2023-05-17 12:50:01.701573
Traverse City - Cadillac, MI	WGTU	ABC, NBC	https://www.upnorthlive.comNewsletter	Traverse City - Cadillac	MI	Sinclair	sbgi.net	2023-05-17 12:50:01.701573
Traverse City - Cadillac, MI	WPBN	NBC, ABC	https://www.upnorthlive.comNewsletter	Traverse City - Cadillac	MI	Sinclair	sbgi.net	2023-05-17 12:50:01.701573
Traverse City - Cadillac, MI	WTOM	NBC, ABC	https://www.upnorthlive.comNewsletter	Traverse City - Cadillac	MI	Sinclair	sbgi.net	2023-05-17 12:50:01.701573
Tri-Cities, TN-VA	WCYB	NBC, CW	https://wcyb.com/Newsletter	Tri-Cities	TN-VA	Sinclair	sbgi.net	2023-05-17 12:50:01.701573
Tri-Cities, TN-VA	WEMT	FOX	https://wcyb.com/	Tri-Cities	TN-VA	Sinclair	sbgi.net	2023-05-17 12:50:01.701573
Tulsa, OK	KTUL	ABC	https://www.ktul.comNewsletter	Tulsa	OK	Sinclair	sbgi.net	2023-05-17 12:50:01.701573
Washington, DC	WJLA	ABC	https://www.wjla.comNewsletter	Washington	DC	Sinclair	sbgi.net	2023-05-17 12:50:01.701573
Washington, DC	WDCO-CD			Washington	DC	Sinclair	sbgi.net	2023-05-17 12:50:01.701573
Washington, DC	WIAV-CD			Washington	DC	Sinclair	sbgi.net	2023-05-17 12:50:01.701573
West Palm Beach - Fort Pierce, FL	WPEC	CBS	https://www.cbs12.comNewsletter	West Palm Beach - Fort Pierce	FL	Sinclair	sbgi.net	2023-05-17 12:50:01.701573
West Palm Beach - Fort Pierce, FL	WTCN	MyTV	https://www.my15wtcn.com	West Palm Beach - Fort Pierce	FL	Sinclair	sbgi.net	2023-05-17 12:50:01.701573
West Palm Beach - Fort Pierce, FL	WTVX	CW, MyTV	https://www.cw34.com	West Palm Beach - Fort Pierce	FL	Sinclair	sbgi.net	2023-05-17 12:50:01.701573
West Palm Beach - Fort Pierce, FL	WWHB		https://www.azteca48.com	West Palm Beach - Fort Pierce	FL	Sinclair	sbgi.net	2023-05-17 12:50:01.701573
Wheeling, WV - Steubenville, OH	WTOV	NBC, FOX	https://www.wtov9.comNewsletter	Wheeling	WV - Steubenville, OH	Sinclair	sbgi.net	2023-05-17 12:50:01.701573
Wichita - Hutchinson, KS	KAAS	FOX, MyTV	https://www.foxkansas.comhttps://mytvwichita.com	Wichita - Hutchinson	KS	Sinclair	sbgi.net	2023-05-17 12:50:01.701573
Wichita - Hutchinson, KS	KMTW			Wichita - Hutchinson	KS	Sinclair	sbgi.net	2023-05-17 12:50:01.701573
Wichita - Hutchinson, KS	KOCW	FOX, MyTV	https://www.foxkansas.comhttps://mytvwichita.com	Wichita - Hutchinson	KS	Sinclair	sbgi.net	2023-05-17 12:50:01.701573
Wichita - Hutchinson, KS	KSAS	FOX, MyTV	https://www.foxkansas.comhttps://mytvwichita.com	Wichita - Hutchinson	KS	Sinclair	sbgi.net	2023-05-17 12:50:01.701573
Wilkes Barre - Scranton, PA	WOLF	FOX, CW, MyTV	https://www.FOX56.comNewsletter	Wilkes Barre - Scranton	PA	Sinclair	sbgi.net	2023-05-17 12:50:01.701573
Wilkes Barre - Scranton, PA	WQMY	MyTV, FOX, CW	https://www.FOX56.comNewsletter	Wilkes Barre - Scranton	PA	Sinclair	sbgi.net	2023-05-17 12:50:01.701573
Wilkes Barre - Scranton, PA	WSWB	CW	https://www.thecw38.com	Wilkes Barre - Scranton	PA	Sinclair	sbgi.net	2023-05-17 12:50:01.701573
Yakima - Pasco - Richland - Kennewick, WA	KEPR	CBS, CW	https://www.keprtv.comNewsletter	Yakima - Pasco - Richland - Kennewick	WA	Sinclair	sbgi.net	2023-05-17 12:50:01.701573
Yakima - Pasco - Richland - Kennewick, WA	KORX	Univision	https://www.kunwtv.com	Yakima - Pasco - Richland - Kennewick	WA	Sinclair	sbgi.net	2023-05-17 12:50:01.701573
Yakima - Pasco - Richland - Kennewick, WA	KVVK	Univision	https://www.kunwtv.com	Yakima - Pasco - Richland - Kennewick	WA	Sinclair	sbgi.net	2023-05-17 12:50:01.701573
Yakima - Pasco - Richland - Kennewick, WA	KIMA	CBS, CW	https://www.kimatv.comNewsletter	Yakima - Pasco - Richland - Kennewick	WA	Sinclair	sbgi.net	2023-05-17 12:50:01.701573
Yakima - Pasco - Richland - Kennewick, WA	KUNW	Univision	https://www.kunwtv.com	Yakima - Pasco - Richland - Kennewick	WA	Sinclair	sbgi.net	2023-05-17 12:50:01.701573
